N,SlogP,Et,MLR20,PIC20
1,1.70062,-20868.75,0.035,0.0313
32,1.51702,-18874.09,1.5347,1.6906
37,2.6072,-17913.77,1.2036,1.0765
39,1.28282,-23141.55,0.5568,0.9149
49,1.7386,-25077.6,1.6798,1.916
59,3.3524,-19508.85,1.9011,1.9732
63,1.0978,-19509.58,0.3374,0.2615
